lyr,mean,time
analysed_sst|2025-05-15 12:00:00,10.80306338242724,2025-05-15T12:00:00Z
analysed_sst|2025-05-16 12:00:00,10.650945848819221,2025-05-16T12:00:00Z
analysed_sst|2025-01-01 12:00:00,11.991383179123817,2025-01-01T12:00:00Z
analysed_sst|2025-01-02 12:00:00,11.770163862013328,2025-01-02T12:00:00Z
analysed_sst|2025-01-03 12:00:00,12.15940064484222,2025-01-03T12:00:00Z
analysed_sst|2025-01-04 12:00:00,12.103941709044184,2025-01-04T12:00:00Z
analysed_sst|2025-01-05 12:00:00,12.08819903926458,2025-01-05T12:00:00Z
analysed_sst|2025-01-06 12:00:00,12.053620568916175,2025-01-06T12:00:00Z
analysed_sst|2025-01-07 12:00:00,12.085697585422226,2025-01-07T12:00:00Z
analysed_sst|2025-01-08 12:00:00,12.54518178765435,2025-01-08T12:00:00Z
analysed_sst|2025-01-09 12:00:00,12.520256888658716,2025-01-09T12:00:00Z
analysed_sst|2025-01-10 12:00:00,12.485395373836838,2025-01-10T12:00:00Z
analysed_sst|2025-01-11 12:00:00,12.266565611261164,2025-01-11T12:00:00Z
analysed_sst|2025-01-12 12:00:00,12.005802226047734,2025-01-12T12:00:00Z
analysed_sst|2025-01-13 12:00:00,11.663380343396224,2025-01-13T12:00:00Z
analysed_sst|2025-01-14 12:00:00,11.643124952211211,2025-01-14T12:00:00Z
analysed_sst|2025-01-15 12:00:00,11.564254996616448,2025-01-15T12:00:00Z
analysed_sst|2025-01-16 12:00:00,11.730221182684858,2025-01-16T12:00:00Z
analysed_sst|2025-01-17 12:00:00,11.802657726136992,2025-01-17T12:00:00Z
analysed_sst|2025-01-18 12:00:00,11.519770326969358,2025-01-18T12:00:00Z
analysed_sst|2025-01-19 12:00:00,11.760450525151478,2025-01-19T12:00:00Z
analysed_sst|2025-01-20 12:00:00,11.794325024712986,2025-01-20T12:00:00Z
analysed_sst|2025-01-21 12:00:00,11.755775653622909,2025-01-21T12:00:00Z
analysed_sst|2025-01-22 12:00:00,11.774430956034227,2025-01-22T12:00:00Z
analysed_sst|2025-01-23 12:00:00,11.849674521085321,2025-01-23T12:00:00Z
analysed_sst|2025-01-24 12:00:00,11.639774224692871,2025-01-24T12:00:00Z
analysed_sst|2025-01-25 12:00:00,11.57024680215725,2025-01-25T12:00:00Z
analysed_sst|2025-01-26 12:00:00,11.284139263082087,2025-01-26T12:00:00Z
analysed_sst|2025-01-27 12:00:00,11.475534951690882,2025-01-27T12:00:00Z
analysed_sst|2025-01-28 12:00:00,11.664576649260209,2025-01-28T12:00:00Z
analysed_sst|2025-01-29 12:00:00,11.635249905995813,2025-01-29T12:00:00Z
analysed_sst|2025-01-30 12:00:00,11.431305560341995,2025-01-30T12:00:00Z
analysed_sst|2025-01-31 12:00:00,11.541343093745231,2025-01-31T12:00:00Z
analysed_sst|2025-02-01 12:00:00,11.643898786396559,2025-02-01T12:00:00Z
analysed_sst|2025-02-02 12:00:00,11.602132591879444,2025-02-02T12:00:00Z
analysed_sst|2025-02-03 12:00:00,11.698775812525676,2025-02-03T12:00:00Z
analysed_sst|2025-02-04 12:00:00,11.745448362894729,2025-02-04T12:00:00Z
analysed_sst|2025-02-05 12:00:00,11.622484392798636,2025-02-05T12:00:00Z
analysed_sst|2025-02-06 12:00:00,11.536029165934092,2025-02-06T12:00:00Z
analysed_sst|2025-02-07 12:00:00,11.569050150685909,2025-02-07T12:00:00Z
analysed_sst|2025-02-08 12:00:00,11.629404822508615,2025-02-08T12:00:00Z
analysed_sst|2025-02-09 12:00:00,11.57996839191052,2025-02-09T12:00:00Z
analysed_sst|2025-02-10 12:00:00,11.484688800566818,2025-02-10T12:00:00Z
analysed_sst|2025-02-11 12:00:00,11.314931578106018,2025-02-11T12:00:00Z
analysed_sst|2025-02-12 12:00:00,11.25284145330458,2025-02-12T12:00:00Z
analysed_sst|2025-02-13 12:00:00,11.293968894704312,2025-02-13T12:00:00Z
analysed_sst|2025-02-14 12:00:00,11.175254711379521,2025-02-14T12:00:00Z
analysed_sst|2025-02-15 12:00:00,11.272083378182085,2025-02-15T12:00:00Z
analysed_sst|2025-02-16 12:00:00,11.144012864205637,2025-02-16T12:00:00Z
analysed_sst|2025-02-17 12:00:00,10.926542904739243,2025-02-17T12:00:00Z
analysed_sst|2025-02-18 12:00:00,11.387827661040577,2025-02-18T12:00:00Z
analysed_sst|2025-02-19 12:00:00,11.486289091763725,2025-02-19T12:00:00Z
analysed_sst|2025-02-20 12:00:00,11.428851351981915,2025-02-20T12:00:00Z
analysed_sst|2025-02-21 12:00:00,11.448703895394324,2025-02-21T12:00:00Z
analysed_sst|2025-02-22 12:00:00,11.304156388298935,2025-02-22T12:00:00Z
analysed_sst|2025-02-23 12:00:00,11.285844410403707,2025-02-23T12:00:00Z
analysed_sst|2025-02-24 12:00:00,11.466039332556697,2025-02-24T12:00:00Z
analysed_sst|2025-02-25 12:00:00,11.365571471648588,2025-02-25T12:00:00Z
analysed_sst|2025-02-26 12:00:00,11.7618252277396,2025-02-26T12:00:00Z
analysed_sst|2025-02-27 12:00:00,11.895583092791812,2025-02-27T12:00:00Z
analysed_sst|2025-02-28 12:00:00,11.678901200830165,2025-02-28T12:00:00Z
analysed_sst|2025-03-01 12:00:00,11.42571640532332,2025-03-01T12:00:00Z
analysed_sst|2025-03-02 12:00:00,11.555619751589502,2025-03-02T12:00:00Z
analysed_sst|2025-03-03 12:00:00,11.28824549498403,2025-03-03T12:00:00Z
analysed_sst|2025-03-04 12:00:00,11.255455189409243,2025-03-04T12:00:00Z
analysed_sst|2025-03-05 12:00:00,11.230783227465066,2025-03-05T12:00:00Z
analysed_sst|2025-03-06 12:00:00,10.945844325772564,2025-03-06T12:00:00Z
analysed_sst|2025-03-07 12:00:00,10.606226034617164,2025-03-07T12:00:00Z
analysed_sst|2025-03-08 12:00:00,10.700196302824033,2025-03-08T12:00:00Z
analysed_sst|2025-03-09 12:00:00,10.837045954126218,2025-03-09T12:00:00Z
analysed_sst|2025-03-10 12:00:00,10.764536433519968,2025-03-10T12:00:00Z
analysed_sst|2025-03-11 12:00:00,10.81959398035187,2025-03-11T12:00:00Z
analysed_sst|2025-03-12 12:00:00,11.012080415018984,2025-03-12T12:00:00Z
analysed_sst|2025-03-13 12:00:00,10.895691546913632,2025-03-13T12:00:00Z
analysed_sst|2025-03-14 12:00:00,10.623674042004575,2025-03-14T12:00:00Z
analysed_sst|2025-03-15 12:00:00,10.522019118497616,2025-03-15T12:00:00Z
analysed_sst|2025-03-16 12:00:00,10.707283346893686,2025-03-16T12:00:00Z
analysed_sst|2025-03-17 12:00:00,10.85721466410673,2025-03-17T12:00:00Z
analysed_sst|2025-03-18 12:00:00,10.909328925979008,2025-03-18T12:00:00Z
analysed_sst|2025-03-19 12:00:00,10.894772147292725,2025-03-19T12:00:00Z
analysed_sst|2025-03-20 12:00:00,10.895926987091476,2025-03-20T12:00:00Z
analysed_sst|2025-03-21 12:00:00,10.932974409625004,2025-03-21T12:00:00Z
analysed_sst|2025-03-22 12:00:00,11.068670338610097,2025-03-22T12:00:00Z
analysed_sst|2025-03-23 12:00:00,11.139381895941284,2025-03-23T12:00:00Z
analysed_sst|2025-03-24 12:00:00,11.46738793854697,2025-03-24T12:00:00Z
analysed_sst|2025-03-25 12:00:00,11.713848293421409,2025-03-25T12:00:00Z
analysed_sst|2025-03-26 12:00:00,11.665703139033324,2025-03-26T12:00:00Z
analysed_sst|2025-03-27 12:00:00,11.510609590618555,2025-03-27T12:00:00Z
analysed_sst|2025-03-28 12:00:00,11.712098159384785,2025-03-28T12:00:00Z
analysed_sst|2025-03-29 12:00:00,11.693844902683843,2025-03-29T12:00:00Z
analysed_sst|2025-03-30 12:00:00,11.60644073392722,2025-03-30T12:00:00Z
analysed_sst|2025-03-31 12:00:00,11.742951631405411,2025-03-31T12:00:00Z
analysed_sst|2025-04-01 12:00:00,11.668433857539192,2025-04-01T12:00:00Z
analysed_sst|2025-04-02 12:00:00,11.628198292350111,2025-04-02T12:00:00Z
analysed_sst|2025-04-03 12:00:00,11.256955529162662,2025-04-03T12:00:00Z
analysed_sst|2025-04-04 12:00:00,11.08792227999956,2025-04-04T12:00:00Z
analysed_sst|2025-04-05 12:00:00,11.337412098821725,2025-04-05T12:00:00Z
analysed_sst|2025-04-06 12:00:00,11.434358166141479,2025-04-06T12:00:00Z
analysed_sst|2025-04-07 12:00:00,11.325419032104353,2025-04-07T12:00:00Z
analysed_sst|2025-04-08 12:00:00,11.517264675227944,2025-04-08T12:00:00Z
analysed_sst|2025-04-09 12:00:00,11.968946071881009,2025-04-09T12:00:00Z
analysed_sst|2025-04-10 12:00:00,11.957145872091909,2025-04-10T12:00:00Z
analysed_sst|2025-04-11 12:00:00,11.551579826461241,2025-04-11T12:00:00Z
analysed_sst|2025-04-12 12:00:00,10.954369471374743,2025-04-12T12:00:00Z
analysed_sst|2025-04-13 12:00:00,10.384259703034632,2025-04-13T12:00:00Z
analysed_sst|2025-04-14 12:00:00,10.622753684619324,2025-04-14T12:00:00Z
analysed_sst|2025-04-15 12:00:00,10.5747689056384,2025-04-15T12:00:00Z
analysed_sst|2025-04-16 12:00:00,10.803195678067231,2025-04-16T12:00:00Z
analysed_sst|2025-04-17 12:00:00,10.863134166018714,2025-04-17T12:00:00Z
analysed_sst|2025-04-18 12:00:00,11.2630505799124,2025-04-18T12:00:00Z
analysed_sst|2025-04-19 12:00:00,11.706588677511592,2025-04-19T12:00:00Z
analysed_sst|2025-04-20 12:00:00,11.337713415906451,2025-04-20T12:00:00Z
analysed_sst|2025-04-21 12:00:00,11.383732945215355,2025-04-21T12:00:00Z
analysed_sst|2025-04-22 12:00:00,11.278840700433205,2025-04-22T12:00:00Z
analysed_sst|2025-04-23 12:00:00,11.11993457256442,2025-04-23T12:00:00Z
analysed_sst|2025-04-24 12:00:00,10.473583941829801,2025-04-24T12:00:00Z
analysed_sst|2025-04-25 12:00:00,10.839093598812747,2025-04-25T12:00:00Z
analysed_sst|2025-04-26 12:00:00,11.021430820588154,2025-04-26T12:00:00Z
analysed_sst|2025-04-27 12:00:00,10.754105438592552,2025-04-27T12:00:00Z
analysed_sst|2025-04-28 12:00:00,10.468250632353671,2025-04-28T12:00:00Z
analysed_sst|2025-04-29 12:00:00,10.636272064162117,2025-04-29T12:00:00Z
analysed_sst|2025-04-30 12:00:00,10.565365588996285,2025-04-30T12:00:00Z
analysed_sst|2025-05-01 12:00:00,10.88449423809573,2025-05-01T12:00:00Z
analysed_sst|2025-05-02 12:00:00,10.81476105355479,2025-05-02T12:00:00Z
analysed_sst|2025-05-03 12:00:00,10.619499169298871,2025-05-03T12:00:00Z
analysed_sst|2025-05-04 12:00:00,9.993921759754436,2025-05-04T12:00:00Z
analysed_sst|2025-05-05 12:00:00,10.096261572946041,2025-05-05T12:00:00Z
analysed_sst|2025-05-06 12:00:00,10.309833006767224,2025-05-06T12:00:00Z
analysed_sst|2025-05-07 12:00:00,10.247960455506547,2025-05-07T12:00:00Z
analysed_sst|2025-05-08 12:00:00,10.276313381645867,2025-05-08T12:00:00Z
analysed_sst|2025-05-09 12:00:00,11.06517882443808,2025-05-09T12:00:00Z
analysed_sst|2025-05-10 12:00:00,10.99895599708044,2025-05-10T12:00:00Z
analysed_sst|2025-05-11 12:00:00,10.707717641610461,2025-05-11T12:00:00Z
analysed_sst|2025-05-12 12:00:00,10.8245499667715,2025-05-12T12:00:00Z
analysed_sst|2025-05-13 12:00:00,10.934503996416524,2025-05-13T12:00:00Z
analysed_sst|2025-05-14 12:00:00,10.85422668303687,2025-05-14T12:00:00Z
analysed_sst|2025-05-17 12:00:00,10.352165419090829,2025-05-17T12:00:00Z
analysed_sst|2025-05-18 12:00:00,10.492910048378185,2025-05-18T12:00:00Z
analysed_sst|2025-05-19 12:00:00,10.230616798429743,2025-05-19T12:00:00Z
analysed_sst|2025-05-20 12:00:00,10.404249510335745,2025-05-20T12:00:00Z
analysed_sst|2025-05-21 12:00:00,10.393619752330544,2025-05-21T12:00:00Z
analysed_sst|2025-05-22 12:00:00,10.296161871344164,2025-05-22T12:00:00Z
analysed_sst|2025-05-23 12:00:00,10.361983954811679,2025-05-23T12:00:00Z
analysed_sst|2025-05-24 12:00:00,10.17610661411447,2025-05-24T12:00:00Z
analysed_sst|2025-05-25 12:00:00,10.292425997162757,2025-05-25T12:00:00Z
analysed_sst|2025-05-26 12:00:00,9.952560989230165,2025-05-26T12:00:00Z
analysed_sst|2025-05-27 12:00:00,10.644551177709118,2025-05-27T12:00:00Z
analysed_sst|2025-05-28 12:00:00,10.96961386052067,2025-05-28T12:00:00Z
analysed_sst|2025-05-29 12:00:00,11.062136226582393,2025-05-29T12:00:00Z
analysed_sst|2025-05-30 12:00:00,11.318512082776149,2025-05-30T12:00:00Z
analysed_sst|2025-05-31 12:00:00,11.612366756472424,2025-05-31T12:00:00Z
analysed_sst|2025-06-01 12:00:00,11.324629154982995,2025-06-01T12:00:00Z
analysed_sst|2025-06-02 12:00:00,10.820396374923442,2025-06-02T12:00:00Z
analysed_sst|2025-06-03 12:00:00,11.246659396599597,2025-06-03T12:00:00Z
analysed_sst|2025-06-04 12:00:00,11.640048222478375,2025-06-04T12:00:00Z
